i,t_mono,t_wall,from,to,reason
0,8086.8502,0.0000,IDLE,TRIAL,w1.0_left_r0
1500,8087.0654,0.2145,TRIAL,IDLE,w1.0_left_r0:done
2000,8087.1238,0.2729,IDLE,TRIAL,w1.0_left_r1
3500,8087.3281,0.4771,TRIAL,IDLE,w1.0_left_r1:done
4000,8087.3894,0.5385,IDLE,TRIAL,w1.0_left_r2
5500,8087.5821,0.7312,TRIAL,IDLE,w1.0_left_r2:done
6000,8087.6529,0.8020,IDLE,TRIAL,w1.0_right_r0
7500,8087.8304,0.9795,TRIAL,IDLE,w1.0_right_r0:done
8000,8087.9002,1.0493,IDLE,TRIAL,w1.0_right_r1
9500,8088.0968,1.2458,TRIAL,IDLE,w1.0_right_r1:done
10000,8088.1627,1.3118,IDLE,TRIAL,w1.0_right_r2
11500,8088.3606,1.5097,TRIAL,IDLE,w1.0_right_r2:done
12000,8088.4185,1.5675,IDLE,TRIAL,w1.5_left_r0
13500,8088.6602,1.8092,TRIAL,IDLE,w1.5_left_r0:done
14000,8088.7201,1.8691,IDLE,TRIAL,w1.5_left_r1
15500,8088.9178,2.0668,TRIAL,IDLE,w1.5_left_r1:done
16000,8088.9868,2.1359,IDLE,TRIAL,w1.5_left_r2
17500,8089.2118,2.3609,TRIAL,IDLE,w1.5_left_r2:done
18000,8089.2801,2.4292,IDLE,TRIAL,w1.5_right_r0
19500,8089.4793,2.6283,TRIAL,IDLE,w1.5_right_r0:done
20000,8089.5401,2.6892,IDLE,TRIAL,w1.5_right_r1
21500,8089.7493,2.8984,TRIAL,IDLE,w1.5_right_r1:done
22000,8089.8158,2.9648,IDLE,TRIAL,w1.5_right_r2
23500,8090.0269,3.1760,TRIAL,IDLE,w1.5_right_r2:done
24000,8090.0987,3.2477,IDLE,TRIAL,w2.0_left_r0
25500,8090.3180,3.4670,TRIAL,IDLE,w2.0_left_r0:done
26000,8090.3781,3.5272,IDLE,TRIAL,w2.0_left_r1
27500,8090.5863,3.7354,TRIAL,IDLE,w2.0_left_r1:done
28000,8090.6454,3.7944,IDLE,TRIAL,w2.0_left_r2
29500,8090.8568,4.0058,TRIAL,IDLE,w2.0_left_r2:done
30000,8090.9142,4.0632,IDLE,TRIAL,w2.0_right_r0
31500,8091.1103,4.2594,TRIAL,IDLE,w2.0_right_r0:done
32000,8091.1833,4.3323,IDLE,TRIAL,w2.0_right_r1
33500,8091.3669,4.5159,TRIAL,IDLE,w2.0_right_r1:done
34000,8091.4370,4.5860,IDLE,TRIAL,w2.0_right_r2
35500,8091.6323,4.7813,TRIAL,IDLE,w2.0_right_r2:done
36000,8091.7005,4.8495,IDLE,TRIAL,w3.0_left_r0
37500,8091.8998,5.0489,TRIAL,IDLE,w3.0_left_r0:done
38000,8091.9606,5.1097,IDLE,TRIAL,w3.0_left_r1
39500,8092.1702,5.3192,TRIAL,IDLE,w3.0_left_r1:done
40000,8092.2341,5.3831,IDLE,TRIAL,w3.0_left_r2
41500,8092.4365,5.5855,TRIAL,IDLE,w3.0_left_r2:done
42000,8092.5050,5.6540,IDLE,TRIAL,w3.0_right_r0
43500,8092.7133,5.8624,TRIAL,IDLE,w3.0_right_r0:done
44000,8092.7801,5.9292,IDLE,TRIAL,w3.0_right_r1
45500,8092.9808,6.1298,TRIAL,IDLE,w3.0_right_r1:done
46000,8093.0433,6.1923,IDLE,TRIAL,w3.0_right_r2
47500,8093.2614,6.4104,TRIAL,IDLE,w3.0_right_r2:done
48000,8093.3239,6.4730,IDLE,TRIAL,w4.0_left_r0
49500,8093.5275,6.6766,TRIAL,IDLE,w4.0_left_r0:done
50000,8093.5851,6.7341,IDLE,TRIAL,w4.0_left_r1
51500,8093.7951,6.9441,TRIAL,IDLE,w4.0_left_r1:done
52000,8093.8533,7.0024,IDLE,TRIAL,w4.0_left_r2
53500,8094.0587,7.2078,TRIAL,IDLE,w4.0_left_r2:done
54000,8094.1243,7.2734,IDLE,TRIAL,w4.0_right_r0
55500,8094.3217,7.4708,TRIAL,IDLE,w4.0_right_r0:done
56000,8094.3925,7.5415,IDLE,TRIAL,w4.0_right_r1
57500,8094.5726,7.7217,TRIAL,IDLE,w4.0_right_r1:done
58000,8094.6406,7.7897,IDLE,TRIAL,w4.0_right_r2
59500,8094.8408,7.9899,TRIAL,IDLE,w4.0_right_r2:done
60000,8094.9062,8.0553,IDLE,TRIAL,w5.0_left_r0
61500,8095.1206,8.2696,TRIAL,IDLE,w5.0_left_r0:done
62000,8095.1859,8.3350,IDLE,TRIAL,w5.0_left_r1
63500,8095.3806,8.5296,TRIAL,IDLE,w5.0_left_r1:done
64000,8095.4397,8.5887,IDLE,TRIAL,w5.0_left_r2
65500,8095.6481,8.7972,TRIAL,IDLE,w5.0_left_r2:done
66000,8095.7087,8.8578,IDLE,TRIAL,w5.0_right_r0
67500,8095.9134,9.0625,TRIAL,IDLE,w5.0_right_r0:done
68000,8095.9799,9.1290,IDLE,TRIAL,w5.0_right_r1
69500,8096.1782,9.3273,TRIAL,IDLE,w5.0_right_r1:done
70000,8096.2412,9.3902,IDLE,TRIAL,w5.0_right_r2
71500,8096.4397,9.5887,TRIAL,IDLE,w5.0_right_r2:done
72000,8096.5094,9.6584,IDLE,TRIAL,w6.0_left_r0
73500,8096.6970,9.8460,TRIAL,IDLE,w6.0_left_r0:done
74000,8096.7756,9.9246,IDLE,TRIAL,w6.0_left_r1
75500,8096.9662,10.1153,TRIAL,IDLE,w6.0_left_r1:done
76000,8097.0275,10.1766,IDLE,TRIAL,w6.0_left_r2
77500,8097.2337,10.3828,TRIAL,IDLE,w6.0_left_r2:done
78000,8097.3004,10.4494,IDLE,TRIAL,w6.0_right_r0
79500,8097.5051,10.6542,TRIAL,IDLE,w6.0_right_r0:done
80000,8097.5637,10.7127,IDLE,TRIAL,w6.0_right_r1
81500,8097.7830,10.9321,TRIAL,IDLE,w6.0_right_r1:done
82000,8097.8429,10.9920,IDLE,TRIAL,w6.0_right_r2
83500,8098.0484,11.1974,TRIAL,IDLE,w6.0_right_r2:done
84000,8098.1061,11.2552,IDLE,TRIAL,w8.0_left_r0
85500,8098.3137,11.4627,TRIAL,IDLE,w8.0_left_r0:done
86000,8098.3791,11.5282,IDLE,TRIAL,w8.0_left_r1
87500,8098.5753,11.7244,TRIAL,IDLE,w8.0_left_r1:done
88000,8098.6436,11.7926,IDLE,TRIAL,w8.0_left_r2
89500,8098.8473,11.9963,TRIAL,IDLE,w8.0_left_r2:done
90000,8098.9183,12.0674,IDLE,TRIAL,w8.0_right_r0
91500,8099.1120,12.2610,TRIAL,IDLE,w8.0_right_r0:done
92000,8099.1795,12.3286,IDLE,TRIAL,w8.0_right_r1
93500,8099.3777,12.5268,TRIAL,IDLE,w8.0_right_r1:done
94000,8099.4436,12.5926,IDLE,TRIAL,w8.0_right_r2
95500,8099.6538,12.8029,TRIAL,IDLE,w8.0_right_r2:done
